{
  "project_info": {
    "project_number": "34078829184",
    "firebase_url": "https://habba19x.firebaseio.com",
    "project_id": "habba19x",
    "storage_bucket": "habba19x.appspot.com"
  },
  "client": [
    {
      "client_info": {
        "mobilesdk_app_id": "1:34078829184:android:12040f2d3bc771b7",
        "android_client_info": {
          "package_name": "com.ait.habba2019"
        }
      },
      "oauth_client": [
        {
          "client_id": "34078829184-blar9vj9tuh2qn318t8bo19p9iujo8kp.apps.googleusercontent.com",
          "client_type": 1,
          "android_info": {
            "package_name": "com.ait.habba2019",
            "certificate_hash": "c3ce92bf20f0c1b6fd5cb93d57ff7cd2603759fe"
          }
        },
        {
          "client_id": "34078829184-5vkq7hl4d8oro7qimvp6gu04j13larnd.apps.googleusercontent.com",
          "client_type": 3
        }
      ],
      "api_key": [
        {
          "current_key": "AIzaSyDnNRJ9NMUiS4cV3n0s7z_YPkuo4STdCj0"
        }
      ],
      "services": {
        "analytics_service": {
          "status": 1
        },
        "appinvite_service": {
          "status": 2,
          "other_platform_oauth_client": [
            {
              "client_id": "34078829184-5vkq7hl4d8oro7qimvp6gu04j13larnd.apps.googleusercontent.com",
              "client_type": 3
            }
          ]
        },
        "ads_service": {
          "status": 2
        }
      }
    }
  ],
  "configuration_version": "1"
}